{"loss": [1.2588475942611694, 0.4143730700016022, 0.24992001056671143, 0.1717819720506668, 0.12945102155208588, 0.10052669048309326, 0.08364222198724747, 0.06746413558721542, 0.05937950685620308, 0.057725489139556885], "accuracy": [0.628138542175293, 0.869649350643158, 0.9202361702919006, 0.9436659812927246, 0.9577921628952026, 0.9677644371986389, 0.9726865291595459, 0.9780069589614868, 0.9808094501495361, 0.9815065264701843], "val_loss": [0.47143664956092834, 0.30110329389572144, 0.1741066426038742, 0.20303846895694733, 0.1699771136045456, 0.17765125632286072, 0.13938117027282715, 0.104449063539505, 0.11719061434268951, 0.08182995766401291], "val_accuracy": [0.8545413017272949, 0.9074094891548157, 0.9437741637229919, 0.9355224370956421, 0.9470179677009583, 0.9461643695831299, 0.9575461149215698, 0.9700090885162354, 0.9666514992713928, 0.9750739932060242]}