{"accuracy": [0.6022476553916931, 0.8573582768440247, 0.9139199256896973, 0.9371790289878845, 0.9543210864067078, 0.9645636081695557, 0.9705811142921448, 0.9759584665298462, 0.9784906506538391, 0.981961727142334], "loss": [1.3586561679840088, 0.4467243254184723, 0.26759424805641174, 0.19044965505599976, 0.13815131783485413, 0.10751709342002869, 0.08952528983354568, 0.07513159513473511, 0.06620107591152191, 0.055251579731702805], "val_accuracy": [0.7645686268806458, 0.897621214389801, 0.9404165744781494, 0.9424653053283691, 0.956009566783905, 0.9487821459770203, 0.9561802744865417, 0.9540177583694458, 0.9665945768356323, 0.9650011658668518], "val_loss": [0.738080620765686, 0.31518203020095825, 0.18819913268089294, 0.1943730115890503, 0.1405719369649887, 0.16984179615974426, 0.15151919424533844, 0.16009525954723358, 0.1097206249833107, 0.13325312733650208]}